"Documentation","Documentation"
"View Documentation","View Documentation"
"Magebit","Magebit"
"Appearance","Appearance"
"Syntax Theme","Syntax Theme"
"Extra Languages","Extra Languages"
"Search","Search"
"Enable Search","Enable Search"
"Show the search box above the documentation tree.","Show the search box above the documentation tree."
"Theme for code blocks. A matching dark variant is used in dark mode.","Theme for code blocks. A matching dark variant is used in dark mode."
"Extra highlight.js language files to load on every documentation page.","Extra highlight.js language files to load on every documentation page."
"Search is temporarily unavailable.","Search is temporarily unavailable."
